id,name,state_before,date_order,amount_total,n_lines
9,S00009,draft,2023-01-25 17:14:05,10057.0,1
29,S00029,draft,2023-01-27 23:08:01,19210.0,1
32,S00032,draft,2023-01-29 00:37:49,27000.0,1
36,S00036,draft,2023-01-31 21:50:50,17400.0,2
37,S00037,draft,2023-02-01 17:06:09,8000.0,2
42,S00042,draft,2023-02-01 23:32:55,4200.0,1
43,S00043,draft,2023-02-02 19:47:33,9000.0,1
50,S00050,draft,2023-02-05 23:38:42,23000.0,2
55,S00055,draft,2023-02-08 00:05:51,18000.0,1
56,S00056,draft,2023-02-08 16:03:40,39000.0,1
73,S00073,draft,2023-02-15 18:13:46,0.0,0
78,S00078,draft,2023-02-18 14:58:32,22000.0,1
79,S00079,draft,2023-02-19 05:32:38,17000.0,1
93,S00093,draft,2023-02-24 18:19:55,6000.0,1
94,S00094,draft,2023-02-25 01:27:12,16200.0,2
96,S00096,draft,2023-02-26 18:34:03,31000.0,2
97,S00097,draft,2023-02-27 15:51:00,4200.0,1
100,S00100,draft,2023-02-28 11:48:47,17000.0,1
105,S00105,draft,2023-03-01 10:37:51,3000.0,1
107,S00107,draft,2023-03-02 14:01:08,15000.0,1
110,S00110,draft,2023-03-05 20:49:08,0.0,0
112,S00112,draft,2023-03-06 21:42:11,4500.0,1
113,S00113,draft,2023-03-07 03:45:10,39000.0,1
143,S00143,draft,2023-03-10 00:38:39,0.0,0
144,S00144,draft,2023-03-10 16:17:37,9500.0,1
155,S00155,draft,2023-03-11 03:12:27,8000.0,1
156,S00156,draft,2023-03-11 20:47:31,16800.0,1
157,S00157,draft,2023-03-11 20:59:30,8000.0,1
167,S00167,draft,2023-03-13 03:08:31,24000.0,1
168,S00168,draft,2023-03-13 16:13:38,187100.0,11
225,S00225,draft,2023-03-26 10:36:40,4500.0,1
226,S00226,draft,2023-03-26 11:41:14,14900.0,3
233,S00233,draft,2023-03-27 21:57:04,17800.0,1
244,S00244,draft,2023-03-29 17:36:43,11000.0,1
247,S00247,draft,2023-03-29 19:51:54,0.0,0
260,S00260,draft,2023-03-30 20:49:19,6000.0,1
267,S00267,draft,2023-04-02 00:51:13,17900.0,3
277,S00277,draft,2023-04-02 22:29:38,14000.0,1
278,S00278,draft,2023-04-03 01:02:34,33000.0,2
279,S00279,draft,2023-04-03 16:27:00,36000.0,1
286,S00286,draft,2023-04-05 02:09:29,43500.0,12
287,S00287,draft,2023-04-05 14:55:24,24000.0,1
288,S00288,draft,2023-04-05 14:58:29,24000.0,1
289,S00289,draft,2023-04-08 18:26:16,5000.0,1
290,S00290,draft,2023-04-09 17:42:21,12000.0,2
300,S00300,draft,2023-04-11 22:18:52,25000.0,5
301,S00301,draft,2023-04-12 21:54:42,24000.0,1
302,S00302,draft,2023-04-12 21:57:17,0.0,0
303,S00303,draft,2023-04-14 15:53:05,16500.0,1
305,S00305,draft,2023-04-14 17:26:49,2000.0,1
311,S00311,draft,2023-04-15 03:28:16,14900.0,1
312,S00312,draft,2023-04-15 19:58:44,38000.0,1
313,S00313,draft,2023-04-16 12:26:16,4245.0,1
314,S00314,draft,2023-04-16 22:30:26,0.0,0
315,S00315,draft,2023-04-17 05:18:46,108000.0,1
322,S00322,draft,2023-04-18 06:52:11,32000.0,1
326,S00326,draft,2023-04-18 20:12:14,0.0,0
327,S00327,draft,2023-04-18 22:52:38,3000.0,1
328,S00328,draft,2023-04-19 01:57:06,30100.0,6
333,S00333,draft,2023-04-21 02:37:37,12000.0,1
334,S00334,draft,2023-04-21 08:37:09,39000.0,1
339,S00339,draft,2023-04-21 21:00:55,5000.0,1
340,S00340,draft,2023-04-22 23:45:58,9000.0,1
341,S00341,draft,2023-04-24 01:11:11,11900.0,2
342,S00342,draft,2023-04-24 10:04:12,12000.0,1
343,S00343,draft,2023-04-24 16:13:04,24000.0,1
347,S00347,draft,2023-04-25 02:28:09,13500.0,2
351,S00351,draft,2023-04-25 12:29:36,9000.0,1
352,S00352,draft,2023-04-25 14:38:39,142500.0,13
353,S00353,draft,2023-04-25 15:03:20,0.0,0
357,S00357,draft,2023-04-25 18:20:52,0.0,0
358,S00358,draft,2023-04-25 18:31:14,5700.0,2
363,S00363,draft,2023-04-26 00:23:21,31700.0,5
364,S00364,draft,2023-04-26 04:45:56,800.0,1
365,S00365,draft,2023-04-26 14:37:45,6000.0,1
368,S00368,draft,2023-04-27 13:49:36,2000.0,1
370,S00370,draft,2023-04-28 02:02:19,9500.0,1
380,S00380,draft,2023-04-28 22:22:21,21000.0,1
381,S00381,draft,2023-04-30 01:20:10,27500.0,4
382,S00382,draft,2023-04-30 18:54:39,4000.0,1
383,S00383,draft,2023-05-01 11:34:20,26000.0,2
384,S00384,draft,2023-05-02 03:47:42,14800.0,1
385,S00385,draft,2023-05-02 17:04:19,6000.0,1
386,S00386,draft,2023-05-03 13:31:34,0.0,0
395,S00395,draft,2023-05-03 23:57:42,26700.0,1
396,S00396,draft,2023-05-04 23:57:25,4500.0,1
400,S00400,draft,2023-05-06 02:20:49,40000.0,1
401,S00401,draft,2023-05-06 17:23:37,5000.0,1
403,S00403,draft,2023-05-07 08:36:42,15000.0,1
404,S00404,draft,2023-05-07 12:16:21,6000.0,1
405,S00405,draft,2023-05-08 09:52:21,1000.0,1
412,S00412,draft,2023-05-09 10:33:13,16500.0,1
413,S00413,draft,2023-05-09 12:31:35,45000.0,1
415,S00415,draft,2023-05-09 15:55:10,16500.0,1
425,S00425,draft,2023-05-11 04:44:03,5000.0,1
429,S00429,draft,2023-05-11 21:42:57,12000.0,1
431,S00431,draft,2023-05-12 18:29:50,19000.0,1
437,S00437,draft,2023-05-14 13:12:27,15900.0,2
439,S00439,draft,2023-05-15 04:55:13,7000.0,1
444,S00444,draft,2023-05-16 02:14:33,15000.0,1
449,S00449,draft,2023-05-17 13:55:35,5600.0,1
450,S00450,draft,2023-05-17 14:34:49,19900.0,1
455,S00455,draft,2023-05-17 22:56:12,17000.0,1
456,S00456,draft,2023-05-18 08:26:12,8000.0,1
457,S00457,draft,2023-05-18 14:52:02,38000.0,1
460,S00460,draft,2023-05-19 11:24:03,9500.0,1
469,S00469,draft,2023-05-20 02:15:18,23900.0,4
476,S00476,draft,2023-05-23 13:59:01,6000.0,1
480,S00480,draft,2023-05-24 00:41:11,29000.0,1
481,S00481,draft,2023-05-24 11:09:33,20000.0,1
482,S00482,draft,2023-05-25 10:27:49,0.0,0
483,S00483,draft,2023-05-25 10:29:30,0.0,0
484,S00484,draft,2023-05-25 20:10:39,29800.0,1
485,S00485,draft,2023-05-26 10:47:20,4000.0,1
494,S00494,draft,2023-05-27 13:49:42,251900.0,25
496,S00496,draft,2023-05-27 23:58:14,47500.0,2
497,S00497,draft,2023-05-28 07:02:03,6000.0,1
498,S00498,draft,2023-05-28 12:43:45,0.0,0
499,S00499,draft,2023-05-28 19:25:03,18000.0,1
501,S00501,draft,2023-05-29 16:25:41,0.0,0
511,S00511,draft,2023-05-30 23:07:04,6000.0,1
514,S00514,draft,2023-06-01 20:44:16,27400.0,4
515,S00515,draft,2023-06-02 00:47:28,24000.0,1
522,S00522,draft,2023-06-03 22:55:08,9000.0,1
523,S00523,draft,2023-06-04 01:32:18,21000.0,1
524,S00524,draft,2023-06-05 00:12:26,0.0,0
525,S00525,draft,2023-06-05 04:41:09,43300.0,6
532,S00532,draft,2023-06-05 22:29:56,25000.0,1
533,S00533,draft,2023-06-06 01:13:12,29000.0,1
534,S00534,draft,2023-06-06 12:56:24,8000.0,1
536,S00536,draft,2023-06-07 11:23:28,4000.0,1
541,S00541,draft,2023-06-07 19:31:52,11800.0,3
543,S00543,draft,2023-06-09 18:50:35,13000.0,1
548,S00548,draft,2023-06-10 02:00:50,65000.0,1
550,S00550,draft,2023-06-10 18:09:28,4500.0,1
551,S00551,draft,2023-06-10 20:47:27,5000.0,1
552,S00552,draft,2023-06-11 03:12:20,40000.0,2
553,S00553,draft,2023-06-11 05:16:22,0.0,0
554,S00554,draft,2023-06-11 11:26:13,0.0,0
555,S00555,draft,2023-06-11 16:18:17,0.0,0
556,S00556,draft,2023-06-11 17:08:19,0.0,0
558,S00558,draft,2023-06-11 18:53:08,13000.0,1
559,S00559,draft,2023-06-12 01:15:59,16000.0,1
565,S00565,draft,2023-06-13 01:29:27,46000.0,2
572,S00572,draft,2023-06-13 19:57:08,2200.0,1
573,S00573,draft,2023-06-14 00:51:16,700.0,1
585,S00585,draft,2023-06-16 02:36:52,7800.0,2
587,S00587,draft,2023-06-17 04:41:54,285800.0,26
588,S00588,draft,2023-06-17 20:20:33,15000.0,1
589,S00589,draft,2023-06-18 12:00:30,0.0,0
594,S00594,draft,2023-06-21 21:27:11,15000.0,1
596,S00596,draft,2023-06-22 18:28:28,0.0,0
600,S00600,draft,2023-06-23 21:53:25,8900.0,1
610,S00610,draft,2023-06-28 16:18:40,0.0,0
613,S00613,draft,2023-06-29 02:43:59,37400.0,5
623,S00623,draft,2023-07-02 00:49:33,86000.0,6
630,S00630,draft,2023-07-03 17:06:39,9000.0,1
632,S00632,draft,2023-07-04 03:34:04,17000.0,4
637,S00637,draft,2023-07-04 21:16:04,21000.0,2
661,S00661,draft,2023-07-05 03:41:35,54300.0,10
664,S00664,draft,2023-07-06 15:13:11,17600.0,2
665,S00665,draft,2023-07-06 16:12:01,2000.0,1
681,S00681,draft,2023-07-08 20:02:40,53500.0,4
683,S00683,draft,2023-07-09 15:46:55,0.0,0
685,S00685,draft,2023-07-11 00:07:29,16000.0,1
686,S00686,draft,2023-07-11 11:33:57,9000.0,2
687,S00687,draft,2023-07-11 17:38:02,65400.0,3
707,S00707,draft,2023-07-14 01:51:10,0.0,0
708,S00708,draft,2023-07-14 01:51:11,0.0,0
709,S00709,draft,2023-07-14 01:54:07,0.0,0
713,S00713,draft,2023-07-14 19:45:02,68000.0,4
714,S00714,draft,2023-07-15 12:46:41,26800.0,3
715,S00715,draft,2023-07-15 18:50:05,0.0,0
718,S00718,draft,2023-07-16 03:22:13,30000.0,3
721,S00721,draft,2023-07-17 04:39:49,13000.0,2
722,S00722,draft,2023-07-17 16:06:20,6000.0,1
723,S00723,draft,2023-07-17 20:27:18,4500.0,1
726,S00726,draft,2023-07-19 00:34:55,35000.0,1
727,S00727,draft,2023-07-19 00:48:00,15000.0,1
729,S00729,draft,2023-07-19 18:50:47,238000.0,14
734,S00734,draft,2023-07-24 12:34:19,4500.0,1
735,S00735,draft,2023-07-24 23:13:59,0.0,0
740,S00740,draft,2023-07-28 14:14:53,6000.0,1
741,S00741,draft,2023-07-30 21:15:01,0.0,0
747,S00747,draft,2023-07-31 19:53:08,0.0,0
750,S00750,draft,2023-07-31 21:36:16,42400.0,7
751,S00751,draft,2023-08-01 04:29:58,4000.0,1
752,S00752,draft,2023-08-01 13:43:57,17200.0,3
759,S00759,draft,2023-08-02 21:01:34,8000.0,1
763,S00763,draft,2023-08-03 18:27:55,22000.0,1
765,S00765,draft,2023-08-04 14:01:11,45600.0,7
766,S00766,draft,2023-08-04 16:09:47,50700.0,8
767,S00767,draft,2023-08-04 18:51:02,14900.0,1
769,S00769,draft,2023-08-06 06:04:06,15500.0,3
770,S00770,draft,2023-08-06 07:15:40,26000.0,2
781,S00781,draft,2023-08-09 22:08:41,22000.0,1
782,S00782,draft,2023-08-10 00:17:48,15900.0,4
783,S00783,draft,2023-08-10 19:33:19,6000.0,1
785,S00785,draft,2023-08-13 06:53:13,20000.0,1
786,S00786,draft,2023-08-13 23:44:13,38500.0,4
788,S00788,draft,2023-08-15 17:52:29,0.0,0
793,S00793,draft,2023-08-17 03:49:23,11000.0,2
794,S00794,draft,2023-08-19 01:25:57,25500.0,2
795,S00795,draft,2023-08-19 20:19:35,16800.0,1
796,S00796,draft,2023-08-20 08:30:04,17000.0,1
797,S00797,draft,2023-08-20 14:30:14,4500.0,1
805,S00805,draft,2023-08-21 18:01:24,13000.0,1
811,S00811,draft,2023-08-21 23:52:33,0.0,0
825,S00825,draft,2023-08-23 14:24:26,120000.0,1
829,S00829,draft,2023-08-23 19:12:11,159000.0,12
830,S00830,draft,2023-08-24 03:10:25,3000.0,1
831,S00831,draft,2023-08-24 15:11:00,5000.0,1
834,S00834,draft,2023-08-24 18:39:14,3000.0,1
836,S00836,draft,2023-08-25 01:00:06,10000.0,1
843,S00843,draft,2023-08-25 21:49:43,30000.0,3
844,S00844,draft,2023-08-27 00:55:32,61900.0,7
845,S00845,draft,2023-08-27 16:22:25,14000.0,1
851,S00851,draft,2023-08-29 18:01:56,3000.0,1
855,S00855,draft,2023-08-29 21:36:55,16000.0,1
860,S00860,draft,2023-08-31 02:04:31,4700.0,2
866,S00866,draft,2023-08-31 17:42:53,16000.0,3
874,S00874,draft,2023-09-01 02:03:47,5000.0,1
875,S00875,draft,2023-09-01 04:05:47,12000.0,1
876,S00876,draft,2023-09-01 12:53:31,22000.0,1
882,S00882,draft,2023-09-02 03:40:18,13000.0,2
885,S00885,draft,2023-09-03 01:31:33,16000.0,1
886,S00886,draft,2023-09-03 15:52:48,10000.0,1
889,S00889,draft,2023-09-04 08:48:59,12500.0,1
902,S00902,draft,2023-09-05 01:13:10,9000.0,1
905,S00905,draft,2023-09-05 15:58:26,12000.0,1
911,S00911,draft,2023-09-06 03:34:46,0.0,0
912,S00912,draft,2023-09-06 06:10:59,0.0,0
913,S00913,draft,2023-09-06 11:54:41,11500.0,2
930,S00930,draft,2023-09-08 02:30:29,0.0,0
931,S00931,draft,2023-09-08 05:06:28,4800.0,1
932,S00932,draft,2023-09-08 14:41:46,2000.0,1
934,S00934,draft,2023-09-08 18:00:02,2700.0,1
935,S00935,draft,2023-09-08 19:09:25,77000.0,3
936,S00936,draft,2023-09-08 20:21:57,0.0,0
937,S00937,draft,2023-09-09 16:51:45,0.0,0
947,S00947,draft,2023-09-11 21:24:25,0.0,0
950,S00950,draft,2023-09-12 14:51:41,35900.0,1
954,S00954,draft,2023-09-12 17:18:46,11000.0,2
964,S00964,draft,2023-09-13 01:01:11,39200.0,3
966,S00966,draft,2023-09-13 15:08:21,19000.0,2
973,S00973,draft,2023-09-16 12:14:50,9500.0,1
978,S00978,draft,2023-09-17 18:57:54,99000.0,1
979,S00979,draft,2023-09-18 13:26:03,4100.0,1
990,S00990,draft,2023-09-20 02:37:18,4000.0,1
991,S00991,draft,2023-09-20 02:49:10,7000.0,1
992,S00992,draft,2023-09-20 14:52:34,0.0,0
1000,S01000,draft,2023-09-21 04:48:50,2400.0,1
1006,S01006,draft,2023-09-21 19:29:03,129000.0,2
1016,S01016,draft,2023-09-23 02:20:06,15000.0,1
1017,S01017,draft,2023-09-23 05:02:05,6000.0,1
1019,S01019,draft,2023-09-24 13:21:41,12000.0,1
1021,S01021,draft,2023-09-25 15:02:13,96000.0,3
1023,S01023,draft,2023-09-25 17:28:43,5000.0,1
1036,S01036,draft,2023-09-27 01:48:41,31000.0,3
1037,S01037,draft,2023-09-27 02:13:26,53000.0,5
1038,S01038,draft,2023-09-27 03:03:51,4000.0,1
1039,S01039,draft,2023-09-27 16:50:14,0.0,0
1044,S01044,draft,2023-09-27 22:31:42,35000.0,1
1045,S01045,draft,2023-09-28 03:21:39,24000.0,2
1056,S01056,draft,2023-09-29 21:33:23,7400.0,1
1058,S01058,draft,2023-10-01 05:04:48,71000.0,2
1059,S01059,draft,2023-10-02 00:57:31,19000.0,1
1060,S01060,draft,2023-10-02 06:55:19,62000.0,3
1061,S01061,draft,2023-10-02 07:41:49,37000.0,6
1068,S01068,draft,2023-10-02 21:20:10,6500.0,2
1069,S01069,draft,2023-10-02 22:53:10,15000.0,1
1070,S01070,draft,2023-10-03 08:54:04,0.0,0
1079,S01079,draft,2023-10-05 05:10:30,20000.0,1
1080,S01080,draft,2023-10-05 18:29:15,25000.0,1
1083,S01083,draft,2023-10-06 22:54:57,8900.0,1
1093,S01093,draft,2023-10-09 21:38:47,19800.0,4
1095,S01095,draft,2023-10-10 16:05:38,10000.0,1
1097,S01097,draft,2023-10-10 18:44:16,9500.0,1
1100,S01100,draft,2023-10-11 18:16:08,23500.0,5
1102,S01102,draft,2023-10-12 01:28:37,49500.0,7
1112,S01112,draft,2023-10-14 02:56:26,18500.0,4
1113,S01113,draft,2023-10-14 14:41:48,22000.0,1
1114,S01114,draft,2023-10-15 18:42:08,5000.0,1
1115,S01115,draft,2023-10-15 23:04:16,6000.0,1
1116,S01116,draft,2023-10-16 02:25:03,39000.0,2
1117,S01117,draft,2023-10-16 03:45:45,1000.0,1
1124,S01124,draft,2023-10-17 03:43:38,6000.0,2
1125,S01125,draft,2023-10-17 14:59:15,6000.0,1
1126,S01126,draft,2023-10-18 03:01:35,58300.0,7
1127,S01127,draft,2023-10-18 03:15:15,53400.0,4
1132,S01132,draft,2023-10-18 10:48:36,31000.0,1
1135,S01135,draft,2023-10-18 18:19:11,4500.0,1
1138,S01138,draft,2023-10-19 20:28:41,4000.0,1
1139,S01139,draft,2023-10-20 02:20:22,550.0,1
1145,S01145,draft,2023-10-21 04:32:06,30700.0,4
1146,S01146,draft,2023-10-21 23:47:59,29500.0,3
1147,S01147,draft,2023-10-22 03:07:51,26000.0,2
1148,S01148,draft,2023-10-23 03:44:08,0.0,0
1150,S01150,draft,2023-10-23 15:09:14,13900.0,3
1162,S01162,draft,2023-10-25 00:56:37,39000.0,2
1163,S01163,draft,2023-10-25 15:39:58,4000.0,1
1179,S01179,draft,2023-10-27 21:06:13,2000.0,1
1182,S01182,draft,2023-10-28 02:29:44,14000.0,1
1183,S01183,draft,2023-10-28 20:08:09,33500.0,4
1189,S01189,draft,2023-10-30 23:05:38,4000.0,1
1195,S01195,draft,2023-10-31 17:27:37,5000.0,1
1202,S01202,draft,2023-11-02 02:23:41,5000.0,1
1203,S01203,draft,2023-11-02 12:09:04,9200.0,1
1212,S01212,draft,2023-11-05 19:38:31,3500.0,1
1213,S01213,draft,2023-11-06 01:39:57,20000.0,1
1214,S01214,draft,2023-11-06 03:42:07,76000.0,4
1219,S01219,draft,2023-11-06 13:40:09,14100.0,2
1220,S01220,draft,2023-11-06 14:27:19,41700.0,5
1227,S01227,draft,2023-11-06 22:28:34,27200.0,2
1228,S01228,draft,2023-11-06 22:45:36,62000.0,3
1230,S01230,draft,2023-11-07 21:50:15,19000.0,1
1235,S01235,draft,2023-11-08 00:47:16,32500.0,1
1236,S01236,draft,2023-11-08 15:25:48,3500.0,1
1238,S01238,draft,2023-11-09 16:39:22,7000.0,1
1241,S01241,draft,2023-11-11 13:20:33,12000.0,1
1242,S01242,draft,2023-11-12 15:53:59,15000.0,1
1243,S01243,draft,2023-11-12 16:10:34,19000.0,1
1247,S01247,draft,2023-11-13 18:54:18,9400.0,1
1248,S01248,draft,2023-11-13 20:45:20,4500.0,1
1250,S01250,draft,2023-11-14 19:42:32,37000.0,3
1253,S01253,draft,2023-11-15 04:22:00,26500.0,2
1258,S01258,draft,2023-11-15 16:53:22,14000.0,1
1260,S01260,draft,2023-11-15 17:45:03,3500.0,1
1261,S01261,draft,2023-11-15 17:49:54,20000.0,1
1265,S01265,draft,2023-11-16 15:14:29,2800.0,1
1268,S01268,draft,2023-11-16 16:25:47,69800.0,8
1288,S01288,draft,2023-11-19 01:21:30,48700.0,7
1296,S01296,draft,2023-11-21 02:29:34,7500.0,1
1306,S01306,draft,2023-11-23 01:16:43,11000.0,1
1307,S01307,draft,2023-11-23 13:26:23,10000.0,1
1310,S01310,draft,2023-11-26 22:39:44,19000.0,1
1311,S01311,draft,2023-11-27 20:18:05,8500.0,1
1313,S01313,draft,2023-11-28 04:09:49,12500.0,1
1314,S01314,draft,2023-11-28 05:54:08,9000.0,1
1325,S01325,draft,2023-11-28 21:44:30,19500.0,4
1326,S01326,draft,2023-11-29 15:38:21,44000.0,4
1333,S01333,draft,2023-12-03 12:39:42,1900.0,1
1334,S01334,draft,2023-12-03 22:50:21,2000.0,1
1346,S01346,draft,2023-12-04 19:40:03,20000.0,1
1357,S01357,draft,2023-12-06 03:23:07,6000.0,1
1358,S01358,draft,2023-12-06 11:57:52,13500.0,1
1364,S01364,draft,2023-12-07 02:04:01,12000.0,1
1371,S01371,draft,2023-12-08 18:58:38,11000.0,1
1375,S01375,draft,2023-12-10 16:37:28,6000.0,1
1379,S01379,draft,2023-12-12 23:31:28,22000.0,2
1382,S01382,draft,2023-12-13 15:46:21,9400.0,1
1386,S01386,draft,2023-12-14 01:11:52,17000.0,1
1394,S01394,draft,2023-12-16 06:49:19,20000.0,1
1395,S01395,draft,2023-12-17 21:34:40,63000.0,2
1396,S01396,draft,2023-12-18 04:13:01,11000.0,1
1397,S01397,draft,2023-12-18 14:27:19,13000.0,1
1402,S01402,draft,2023-12-20 15:14:23,1900.0,1
1404,S01404,draft,2023-12-20 18:24:46,42000.0,1
1410,S01410,draft,2023-12-22 04:11:06,1900.0,1
1412,S01412,draft,2023-12-23 02:09:33,45500.0,2
1414,S01414,draft,2023-12-25 15:23:44,44200.0,7
1419,S01419,draft,2023-12-26 21:03:21,1500.0,1
1420,S01420,draft,2023-12-26 22:05:42,450000.0,1
1421,S01421,draft,2023-12-27 02:56:48,6000.0,1
1422,S01422,draft,2023-12-27 18:31:50,3500.0,1
1423,S01423,draft,2023-12-28 03:35:49,17900.0,3
1427,S01427,draft,2023-12-28 21:30:20,63700.0,5
1428,S01428,draft,2023-12-29 23:29:25,59000.0,2
1429,S01429,draft,2023-12-30 10:58:26,50500.0,2
1430,S01430,draft,2023-12-30 16:14:53,5000.0,1
1431,S01431,draft,2023-12-30 20:53:17,2500.0,1
1432,S01432,draft,2024-01-02 03:44:37,900.0,1
1438,S01438,draft,2024-01-02 18:57:39,11000.0,1
1442,S01442,draft,2024-01-03 16:25:52,10500.0,1
1448,S01448,draft,2024-01-03 23:45:52,84500.0,1
1449,S01449,draft,2024-01-04 03:43:29,28000.0,4
1450,S01450,draft,2024-01-04 16:41:03,15000.0,1
1451,S01451,draft,2024-01-05 02:59:28,33800.0,3
1454,S01454,draft,2024-01-06 07:06:21,7500.0,1
1455,S01455,draft,2024-01-06 15:27:31,2500.0,1
1456,S01456,draft,2024-01-06 19:17:32,0.0,0
1458,S01458,draft,2024-01-07 13:40:16,24100.0,3
1461,S01461,draft,2024-01-07 18:29:28,7000.0,1
1462,S01462,draft,2024-01-07 23:00:17,8900.0,1
1465,S01465,draft,2024-01-09 04:31:34,19000.0,1
1467,S01467,draft,2024-01-09 05:33:02,22540.0,4
1475,S01475,draft,2024-01-11 04:21:10,35000.0,1
1476,S01476,draft,2024-01-11 15:14:23,22500.0,3
1479,S01479,draft,2024-01-11 23:27:49,23900.0,4
1486,S01486,draft,2024-01-13 03:13:21,6000.0,1
1487,S01487,draft,2024-01-13 03:28:33,3000.0,1
1489,S01489,draft,2024-01-13 17:53:55,16000.0,1
1490,S01490,draft,2024-01-15 18:02:17,5800.0,1
1493,S01493,draft,2024-01-15 19:06:33,13100.0,3
1500,S01500,draft,2024-01-16 02:16:30,23000.0,1
1502,S01502,draft,2024-01-17 13:53:22,8500.0,1
1504,S01504,draft,2024-01-17 15:18:20,78500.0,3
1508,S01508,draft,2024-01-18 03:32:40,13000.0,2
1513,S01513,draft,2024-01-18 17:48:29,30500.0,2
1518,S01518,draft,2024-01-19 17:07:37,0.0,0
1521,S01521,draft,2024-01-20 16:46:47,25500.0,1
1532,S01532,draft,2024-01-21 02:30:45,30400.0,4
1535,S01535,draft,2024-01-21 17:37:22,10000.0,1
1543,S01543,draft,2024-01-22 03:54:03,32000.0,1
1551,S01551,draft,2024-01-22 17:55:49,6500.0,2
1552,S01552,draft,2024-01-22 19:54:35,4500.0,1
1553,S01553,draft,2024-01-22 21:01:28,17000.0,3
1554,S01554,draft,2024-01-23 15:12:30,1900.0,1
1557,S01557,draft,2024-01-23 18:27:39,31200.0,1
1558,S01558,draft,2024-01-23 18:46:17,15000.0,1
1570,S01570,draft,2024-01-25 15:31:26,20800.0,3
1575,S01575,draft,2024-01-26 02:32:13,0.0,0
1579,S01579,draft,2024-01-27 16:12:57,0.0,0
1580,S01580,draft,2024-01-27 23:32:19,0.0,0
1581,S01581,draft,2024-01-28 04:54:38,20000.0,1
1586,S01586,draft,2024-01-29 12:59:22,52000.0,5
1591,S01591,draft,2024-01-30 03:41:53,8900.0,1
1592,S01592,draft,2024-01-30 13:12:08,450000.0,1
1594,S01594,draft,2024-01-30 15:03:00,36000.0,1
1603,S01603,draft,2024-01-31 15:40:46,16100.0,2
1606,S01606,draft,2024-01-31 17:14:53,12000.0,1
1616,S01616,draft,2024-02-01 04:35:12,234700.0,21
1627,S01627,draft,2024-02-02 04:32:41,4000.0,1
1636,S01636,draft,2024-02-02 17:17:39,12000.0,1
1639,S01639,draft,2024-02-02 17:51:39,15800.0,2
1642,S01642,draft,2024-02-02 19:33:35,9000.0,1
1645,S01645,draft,2024-02-02 21:11:44,18000.0,3
1648,S01648,draft,2024-02-03 16:33:52,500.0,1
1649,S01649,draft,2024-02-03 20:51:42,12000.0,1
1652,S01652,draft,2024-02-04 04:24:36,90000.0,5
1653,S01653,draft,2024-02-04 05:10:00,0.0,0
1665,S01665,draft,2024-02-06 19:58:05,15000.0,1
1686,S01686,draft,2024-02-09 22:27:35,0.0,0
1692,S01692,draft,2024-02-10 19:27:02,3500.0,1
1696,S01696,draft,2024-02-12 02:19:16,6200.0,1
1697,S01697,draft,2024-02-12 02:49:43,12000.0,1
1698,S01698,draft,2024-02-12 03:16:38,28000.0,2
1705,S01705,draft,2024-02-12 17:31:42,3000.0,1
1713,S01713,draft,2024-02-14 01:26:05,6000.0,1
1714,S01714,draft,2024-02-14 02:04:37,2000.0,1
1715,S01715,draft,2024-02-14 02:54:57,9400.0,2
1724,S01724,draft,2024-02-15 02:06:56,24000.0,1
1725,S01725,draft,2024-02-15 02:20:58,9000.0,1
1726,S01726,draft,2024-02-15 13:56:35,0.0,0
1730,S01730,draft,2024-02-15 20:18:39,62000.0,2
1739,S01739,draft,2024-02-18 10:03:24,7500.0,1
1740,S01740,draft,2024-02-18 15:35:38,0.0,0
1742,S01742,draft,2024-02-19 15:00:15,3000.0,1
1751,S01751,draft,2024-02-19 21:54:54,8900.0,1
1753,S01753,draft,2024-02-20 13:32:04,0.0,0
1759,S01759,draft,2024-02-20 22:22:50,0.0,0
1761,S01761,draft,2024-02-20 22:34:33,1600.0,1
1768,S01768,draft,2024-02-21 18:02:51,9500.0,1
1772,S01772,draft,2024-02-21 21:42:25,12000.0,1
1773,S01773,draft,2024-02-22 09:28:36,22000.0,1
1789,S01789,draft,2024-02-24 06:51:21,57900.0,4
1790,S01790,draft,2024-02-24 19:49:39,0.0,0
1791,S01791,draft,2024-02-25 16:10:17,20000.0,1
1792,S01792,draft,2024-02-25 17:07:40,34300.0,5
1793,S01793,draft,2024-02-26 19:10:23,12000.0,1
1798,S01798,draft,2024-02-27 18:41:59,0.0,0
1801,S01801,draft,2024-02-28 01:03:50,98600.0,7
1802,S01802,draft,2024-02-28 01:14:30,2280.0,1
1818,S01818,draft,2024-02-29 21:18:50,5000.0,1
1821,S01821,draft,2024-03-01 16:11:27,4000.0,1
1827,S01827,draft,2024-03-02 03:32:04,4000.0,1
1833,S01833,draft,2024-03-03 05:09:44,10000.0,1
1834,S01834,draft,2024-03-03 21:28:01,0.0,0
1844,S01844,draft,2024-03-04 20:56:08,27000.0,2
1845,S01845,draft,2024-03-05 12:48:31,9500.0,1
1849,S01849,draft,2024-03-05 19:07:01,31000.0,3
1853,S01853,draft,2024-03-06 00:32:36,5100.0,2
1861,S01861,draft,2024-03-06 18:18:26,28500.0,1
1865,S01865,draft,2024-03-07 15:12:39,8900.0,1
1866,S01866,draft,2024-03-07 18:48:31,12000.0,1
1882,S01882,draft,2024-03-11 16:55:54,60300.0,5
1889,S01889,draft,2024-03-12 00:36:43,58400.0,8
1891,S01891,draft,2024-03-12 21:44:48,189500.0,12
1908,S01908,draft,2024-03-15 03:11:14,3000.0,1
1909,S01909,draft,2024-03-15 09:30:04,40000.0,1
1914,S01914,draft,2024-03-15 20:19:13,37000.0,5
1915,S01915,draft,2024-03-16 00:27:59,8200.0,2
1917,S01917,draft,2024-03-16 23:47:31,35000.0,1
1918,S01918,draft,2024-03-17 16:05:19,56500.0,3
1919,S01919,draft,2024-03-17 21:30:05,41100.0,3
1920,S01920,draft,2024-03-18 01:57:53,14000.0,1
1921,S01921,draft,2024-03-18 13:18:32,5000.0,3
1930,S01930,draft,2024-03-19 13:10:11,16500.0,2
1946,S01946,draft,2024-03-21 01:51:17,36000.0,2
1950,S01950,draft,2024-03-21 19:19:25,15000.0,1
1963,S01963,draft,2024-03-23 17:04:05,9400.0,2
1966,S01966,draft,2024-03-25 02:25:03,3500.0,1
1970,S01970,draft,2024-03-27 00:04:22,0.0,0
1972,S01972,draft,2024-03-27 02:11:42,3000.0,1
1976,S01976,draft,2024-03-27 17:12:12,145100.0,6
1977,S01977,draft,2024-03-28 06:04:08,26000.0,1
1979,S01979,draft,2024-03-30 03:24:22,3900.0,1
1980,S01980,draft,2024-03-30 13:58:51,25000.0,1
1981,S01981,draft,2024-03-30 16:25:29,0.0,0
1982,S01982,draft,2024-03-30 16:29:09,36000.0,2
1983,S01983,draft,2024-03-30 19:17:56,9000.0,1
1984,S01984,draft,2024-03-30 20:29:59,24000.0,2
1985,S01985,draft,2024-03-31 02:03:21,40000.0,1
1999,S01999,draft,2024-04-02 19:04:59,9000.0,1
2008,S02008,draft,2024-04-03 12:35:54,10000.0,2
2015,S02015,draft,2024-04-05 16:56:07,6400.0,1
2022,S02022,draft,2024-04-05 19:22:12,4200.0,1
2024,S02024,draft,2024-04-06 03:53:34,275000.0,1
2027,S02027,draft,2024-04-06 23:53:16,2000.0,1
2029,S02029,draft,2024-04-07 21:46:35,105500.0,6
2030,S02030,draft,2024-04-08 12:08:04,78700.0,8
2033,S02033,draft,2024-04-08 17:00:33,6000.0,1
2035,S02035,draft,2024-04-09 00:56:10,16000.0,1
2036,S02036,draft,2024-04-09 16:37:27,85800.0,12
2037,S02037,draft,2024-04-09 21:42:52,27000.0,2
2050,S02050,draft,2024-04-11 15:39:19,9500.0,1
2056,S02056,draft,2024-04-12 00:35:05,7000.0,1
2058,S02058,draft,2024-04-12 00:56:31,12000.0,1
2061,S02061,draft,2024-04-12 19:39:59,34100.0,6
2063,S02063,draft,2024-04-14 05:03:00,80000.0,5
2069,S02069,draft,2024-04-16 15:08:50,4000.0,1
2072,S02072,draft,2024-04-16 16:31:12,3800.0,1
2073,S02073,draft,2024-04-16 17:27:40,20000.0,3
2075,S02075,draft,2024-04-17 02:33:30,0.0,0
2076,S02076,draft,2024-04-17 04:16:45,27000.0,1
2077,S02077,draft,2024-04-17 04:21:33,11100.0,2
2086,S02086,draft,2024-04-19 00:44:24,19000.0,2
2090,S02090,draft,2024-04-19 16:54:54,3900.0,1
2091,S02091,draft,2024-04-19 22:49:27,12500.0,4
2092,S02092,draft,2024-04-19 23:46:18,8400.0,1
2093,S02093,draft,2024-04-20 00:56:00,7000.0,1
2094,S02094,draft,2024-04-20 16:14:09,4500.0,1
2096,S02096,draft,2024-04-22 03:01:57,19000.0,1
2100,S02100,draft,2024-04-22 16:12:16,4000.0,1
2101,S02101,draft,2024-04-22 17:20:06,48000.0,1
2102,S02102,draft,2024-04-22 18:18:57,4000.0,1
2103,S02103,draft,2024-04-22 18:39:13,119200.0,4
2104,S02104,draft,2024-04-22 19:49:40,91800.0,5
2110,S02110,draft,2024-04-23 14:59:50,0.0,0
2111,S02111,draft,2024-04-23 15:00:44,8900.0,1
2122,S02122,draft,2024-04-24 14:58:35,51000.0,2
2125,S02125,draft,2024-04-25 03:51:27,29200.0,4
2128,S02128,draft,2024-04-26 01:10:12,22000.0,1
2130,S02130,draft,2024-04-26 02:57:09,19000.0,1
2138,S02138,draft,2024-04-26 23:19:54,22000.0,1
2142,S02142,draft,2024-04-28 00:03:36,0.0,0
2143,S02143,draft,2024-04-28 05:03:08,30000.0,2
2148,S02148,draft,2024-04-29 01:19:39,0.0,0
2147,S02147,draft,2024-04-29 01:19:39,0.0,0
2150,S02150,draft,2024-04-29 05:45:05,286000.0,2
2160,S02160,draft,2024-04-30 16:56:47,14500.0,4
2163,S02163,draft,2024-04-30 20:27:32,15000.0,2
2164,S02164,draft,2024-04-30 23:36:15,8900.0,1
2166,S02166,draft,2024-05-01 03:59:02,195000.0,1
2167,S02167,draft,2024-05-01 16:12:28,4500.0,1
2178,S02178,draft,2024-05-03 03:51:05,211320.0,16
2186,S02186,draft,2024-05-06 01:15:57,43400.0,4
2197,S02197,draft,2024-05-07 10:01:52,32000.0,1
2198,S02198,draft,2024-05-07 17:49:44,0.0,0
2210,S02210,draft,2024-05-12 06:27:27,13000.0,1
2211,S02211,draft,2024-05-12 14:31:13,0.0,0
2212,S02212,draft,2024-05-13 01:48:19,16200.0,3
2221,S02221,draft,2024-05-13 21:47:04,6000.0,1
2222,S02222,draft,2024-05-14 00:45:00,6000.0,1
2227,S02227,draft,2024-05-14 19:21:09,19200.0,1
2228,S02228,draft,2024-05-15 15:14:13,14500.0,2
2233,S02233,draft,2024-05-16 02:30:47,41000.0,3
2234,S02234,draft,2024-05-16 03:43:47,6000.0,1
2241,S02241,draft,2024-05-17 15:13:54,4800.0,1
2247,S02247,draft,2024-05-18 12:58:02,29000.0,1
2258,S02258,draft,2024-05-19 02:40:49,8000.0,1
2259,S02259,draft,2024-05-19 03:04:25,2000.0,1
2260,S02260,draft,2024-05-19 03:55:11,15000.0,1
2261,S02261,draft,2024-05-20 01:27:58,12000.0,1
2268,S02268,draft,2024-05-20 20:23:50,5000.0,1
2269,S02269,draft,2024-05-20 21:06:56,21700.0,3
2270,S02270,draft,2024-05-21 12:59:41,35000.0,1
2278,S02278,draft,2024-05-22 14:29:22,18500.0,2
2280,S02280,draft,2024-05-22 20:39:03,0.0,0
2282,S02282,draft,2024-05-23 02:59:34,46000.0,2
2283,S02283,draft,2024-05-23 15:13:40,54400.0,6
2284,S02284,draft,2024-05-23 18:46:27,12000.0,3
2285,S02285,draft,2024-05-24 00:26:54,20000.0,3
2286,S02286,draft,2024-05-24 05:08:39,10000.0,1
2293,S02293,draft,2024-05-26 04:43:02,54400.0,2
2295,S02295,draft,2024-05-27 00:37:14,7000.0,1
2300,S02300,draft,2024-05-28 19:19:51,12000.0,1
2301,S02301,draft,2024-05-28 22:17:36,12000.0,1
2308,S02308,draft,2024-05-29 20:14:36,0.0,0
2310,S02310,draft,2024-05-30 16:26:15,12000.0,1
2313,S02313,draft,2024-05-30 20:55:09,26000.0,2
2314,S02314,draft,2024-05-30 21:46:27,35000.0,5
2317,S02317,draft,2024-05-31 01:45:45,306700.0,18
2324,S02324,draft,2024-06-01 21:29:51,8900.0,1
2348,S02348,draft,2024-06-04 02:56:00,450000.0,1
2349,S02349,draft,2024-06-04 05:03:25,32000.0,1
2350,S02350,draft,2024-06-04 15:47:17,7500.0,1
2353,S02353,draft,2024-06-04 18:39:19,95000.0,3
2355,S02355,draft,2024-06-05 02:44:53,82500.0,1
2356,S02356,draft,2024-06-05 05:32:22,3000.0,1
2357,S02357,draft,2024-06-05 13:28:02,5000.0,1
2362,S02362,draft,2024-06-06 14:56:41,39200.0,6
2369,S02369,draft,2024-06-06 23:15:39,10000.0,1
2370,S02370,draft,2024-06-06 23:31:25,9800.0,1
2371,S02371,draft,2024-06-07 01:57:55,0.0,0
2376,S02376,draft,2024-06-07 23:42:16,25000.0,1
2378,S02378,draft,2024-06-08 02:19:49,9400.0,1
2381,S02381,draft,2024-06-10 03:36:52,5000.0,1
2388,S02388,draft,2024-06-11 04:03:38,32000.0,1
2391,S02391,draft,2024-06-11 23:56:22,9000.0,1
2421,S02421,draft,2024-06-18 14:25:34,1600.0,1
2422,S02422,draft,2024-06-18 14:59:03,5500.0,1
2426,S02426,draft,2024-06-19 03:29:54,5100.0,2
2427,S02427,draft,2024-06-19 13:14:11,21500.0,5
2429,S02429,draft,2024-06-19 14:39:44,36000.0,1
2434,S02434,draft,2024-06-19 19:53:37,1000.0,1
2436,S02436,draft,2024-06-19 22:23:29,19000.0,2
2437,S02437,draft,2024-06-20 00:58:22,14600.0,2
2453,S02453,draft,2024-06-30 12:05:50,28000.0,1
2456,S02456,draft,2024-06-30 22:49:38,28000.0,1
2457,S02457,draft,2024-07-01 00:46:46,7000.0,2
2458,S02458,draft,2024-07-01 00:50:08,2000.0,1
2463,S02463,draft,2024-07-01 17:07:47,8000.0,1
2486,S02486,draft,2024-07-02 20:01:06,6000.0,1
2496,S02496,draft,2024-07-04 15:55:00,85700.0,6
2502,S02502,draft,2024-07-05 00:15:51,48000.0,3
2516,S02516,draft,2024-07-08 20:22:56,48000.0,2
2517,S02517,draft,2024-07-08 22:50:33,2500.0,1
2520,S02520,draft,2024-07-10 01:55:44,17200.0,4
2528,S02528,draft,2024-07-11 15:47:21,1800.0,1
2533,S02533,draft,2024-07-15 00:52:15,33600.0,3
2538,S02538,draft,2024-07-16 20:46:35,132000.0,1
2545,S02545,draft,2024-07-18 14:22:12,27000.0,1
2556,S02556,draft,2024-07-19 22:48:56,8000.0,1
2561,S02561,draft,2024-07-21 23:41:28,33974.5,5
2567,S02567,draft,2024-07-25 20:06:35,3900.0,1
2588,S02588,draft,2024-08-01 21:57:11,94600.0,15
2594,S02594,draft,2024-08-02 20:40:29,52800.0,8
2598,S02598,draft,2024-08-04 03:48:02,60000.0,6
2599,S02599,draft,2024-08-04 23:11:13,19000.0,1
2600,S02600,draft,2024-08-05 02:35:28,309000.0,3
2610,S02610,draft,2024-08-07 15:26:20,34000.0,1
2622,S02622,draft,2024-08-08 02:08:43,16000.0,1
2623,S02623,draft,2024-08-08 21:32:05,0.0,0
2628,S02628,draft,2024-08-09 11:22:40,4000.0,1
2630,S02630,draft,2024-08-10 18:42:28,435000.0,1
2632,S02632,draft,2024-08-11 04:17:02,2700.0,1
2634,S02634,draft,2024-08-11 19:02:53,38000.0,2
2637,S02637,draft,2024-08-12 15:00:33,11800.0,2
2643,S02643,draft,2024-08-13 14:09:15,10000.0,2
2644,S02644,draft,2024-08-13 15:21:32,25500.0,3
2651,S02651,draft,2024-08-14 02:29:01,33000.0,2
2657,S02657,draft,2024-08-14 19:31:45,40000.0,1
2661,S02661,draft,2024-08-15 02:20:48,57000.0,2
2663,S02663,draft,2024-08-16 05:01:27,22000.0,1
2664,S02664,draft,2024-08-16 14:05:39,82000.0,2
2667,S02667,draft,2024-08-16 20:39:03,22000.0,1
2668,S02668,draft,2024-08-17 03:11:08,146670.0,20
2669,S02669,draft,2024-08-17 10:45:29,61000.0,2
2678,S02678,draft,2024-08-18 01:00:04,29000.0,3
2679,S02679,draft,2024-08-18 02:27:10,7200.0,2
2681,S02681,draft,2024-08-18 15:43:24,448300.0,22
2688,S02688,draft,2024-08-20 05:15:11,0.0,0
2689,S02689,draft,2024-08-20 15:41:29,45000.0,2
2700,S02700,draft,2024-08-22 17:16:00,0.0,0
2701,S02701,draft,2024-08-22 19:49:12,27000.0,1
2702,S02702,draft,2024-08-23 05:27:23,49000.0,1
2713,S02713,draft,2024-08-25 02:53:32,3900.0,1
2714,S02714,draft,2024-08-25 11:26:50,8900.0,1
2715,S02715,draft,2024-08-25 14:27:51,11000.0,1
2716,S02716,draft,2024-08-26 12:04:39,3000.0,1
2720,S02720,draft,2024-08-27 00:53:40,23760.0,2
2734,S02734,draft,2024-08-28 14:19:44,12500.0,2
2735,S02735,draft,2024-08-28 14:34:56,14000.0,1
2736,S02736,draft,2024-08-28 14:34:59,14000.0,1
2743,S02743,draft,2024-08-28 18:20:07,11000.0,1
2744,S02744,draft,2024-08-28 18:31:57,2500.0,1
2750,S02750,draft,2024-08-30 01:04:24,15400.0,2
2752,S02752,draft,2024-08-30 03:46:55,8000.0,1
2753,S02753,draft,2024-08-30 14:49:00,13000.0,1
2754,S02754,draft,2024-08-30 15:59:24,1200.0,1
2760,S02760,draft,2024-08-31 15:01:43,475000.0,1
2763,S02763,draft,2024-09-01 16:54:43,22000.0,1
2764,S02764,draft,2024-09-01 22:01:10,23000.0,3
2765,S02765,draft,2024-09-02 02:37:45,0.0,0
2770,S02770,draft,2024-09-02 18:42:55,54700.0,8
2772,S02772,draft,2024-09-02 20:48:33,9000.0,1
2773,S02773,draft,2024-09-02 23:41:04,7000.0,1
2775,S02775,draft,2024-09-03 09:51:32,70200.0,1
2780,S02780,draft,2024-09-04 02:36:19,270000.0,1
2781,S02781,draft,2024-09-04 02:42:05,1500.0,1
2784,S02784,draft,2024-09-04 06:40:41,20000.0,2
2787,S02787,draft,2024-09-05 13:10:15,12000.0,1
2809,S02809,draft,2024-09-09 17:20:52,36000.0,1
2813,S02813,draft,2024-09-09 18:15:11,495000.0,1
2814,S02814,draft,2024-09-09 18:16:46,495000.0,1
2818,S02818,draft,2024-09-09 21:16:25,2500.0,1
2820,S02820,draft,2024-09-10 14:50:59,1500.0,1
2840,S02840,draft,2024-09-12 19:13:34,475000.0,1
2841,S02841,draft,2024-09-12 23:24:00,9500.0,1
2850,S02850,draft,2024-09-13 19:41:01,20500.0,2
2851,S02851,draft,2024-09-14 00:47:35,15000.0,1
2854,S02854,draft,2024-09-14 13:14:36,9500.0,1
2855,S02855,draft,2024-09-15 03:05:08,2000.0,1
2864,S02864,draft,2024-09-15 19:36:50,17000.0,1
2866,S02866,draft,2024-09-16 22:23:06,9000.0,1
2869,S02869,draft,2024-09-17 01:46:08,12000.0,1
2881,S02881,draft,2024-09-18 11:11:32,53400.0,5
2882,S02882,draft,2024-09-18 14:58:26,12500.0,2
2883,S02883,draft,2024-09-18 15:15:08,4800.0,1
2884,S02884,draft,2024-09-18 19:00:15,25500.0,1
2886,S02886,draft,2024-09-19 00:26:24,28000.0,1
2887,S02887,draft,2024-09-19 15:35:54,800.0,1
2894,S02894,draft,2024-09-19 22:05:42,65000.0,1
2895,S02895,draft,2024-09-20 02:23:34,2500.0,1
2896,S02896,draft,2024-09-20 05:34:25,16500.0,1
2904,S02904,draft,2024-09-21 00:39:32,10000.0,1
2911,S02911,draft,2024-09-22 05:20:00,46700.0,5
2922,S02922,draft,2024-09-24 19:48:50,30600.0,5
2930,S02930,draft,2024-09-25 13:51:29,6000.0,1
2939,S02939,draft,2024-09-27 03:04:07,26500.0,2
2944,S02944,draft,2024-09-28 17:38:28,59000.0,1
2952,S02952,draft,2024-09-30 03:03:35,19000.0,2
2959,S02959,draft,2024-09-30 18:28:39,14000.0,1
2965,S02965,draft,2024-10-01 12:51:21,22800.0,6
2967,S02967,draft,2024-10-01 17:27:23,18000.0,1
2973,S02973,draft,2024-10-02 15:48:18,24000.0,2
2978,S02978,draft,2024-10-03 07:44:19,0.0,0
2991,S02991,draft,2024-10-04 17:11:02,310000.0,1
2994,S02994,draft,2024-10-05 14:37:30,25800.0,3
2996,S02996,draft,2024-10-05 21:24:34,1500.0,1
2999,S02999,draft,2024-10-07 03:43:17,60000.0,1
3003,S03003,draft,2024-10-07 17:24:26,2200.0,1
3006,S03006,draft,2024-10-07 21:51:28,8000.0,2
3007,S03007,draft,2024-10-07 23:51:32,9000.0,1
3013,S03013,draft,2024-10-09 00:23:36,62000.0,3
3016,S03016,draft,2024-10-09 03:15:16,10500.0,2
3028,S03028,draft,2024-10-10 16:29:34,7000.0,1
3030,S03030,draft,2024-10-11 04:29:11,16000.0,1
3035,S03035,draft,2024-10-11 21:51:03,14000.0,1
3036,S03036,draft,2024-10-11 22:02:52,0.0,0
3037,S03037,draft,2024-10-12 01:41:33,5000.0,1
3038,S03038,draft,2024-10-12 08:52:18,16000.0,1
3039,S03039,draft,2024-10-12 16:50:07,18000.0,1
3043,S03043,draft,2024-10-14 07:24:25,1500.0,1
3045,S03045,draft,2024-10-15 01:23:07,4500.0,1
3053,S03053,draft,2024-10-16 12:04:17,3200.0,1
3059,S03059,draft,2024-10-17 04:31:20,2000.0,1
3065,S03065,draft,2024-10-18 06:38:31,14000.0,1
3066,S03066,draft,2024-10-18 13:40:11,11000.0,1
3073,S03073,draft,2024-10-18 22:23:31,750.0,1
3074,S03074,draft,2024-10-19 00:38:47,1500.0,1
3077,S03077,draft,2024-10-19 22:46:11,53500.0,4
3084,S03084,draft,2024-10-21 15:34:01,8500.0,1
3088,S03088,draft,2024-10-22 13:10:58,9000.0,1
3090,S03090,draft,2024-10-22 17:53:58,48900.0,4
3093,S03093,draft,2024-10-22 19:17:00,10800.0,1
3098,S03098,draft,2024-10-23 16:06:58,2900.0,1
3099,S03099,draft,2024-10-23 16:13:02,9500.0,1
3100,S03100,draft,2024-10-23 16:20:02,76500.0,9
3106,S03106,draft,2024-10-24 09:55:33,15000.0,1
3107,S03107,draft,2024-10-24 19:52:48,5200.0,2
3108,S03108,draft,2024-10-24 22:15:32,250000.0,1
3118,S03118,draft,2024-10-26 01:02:13,19000.0,1
3119,S03119,draft,2024-10-26 12:33:12,29020.0,5
3122,S03122,draft,2024-10-26 16:48:16,22000.0,1
3123,S03123,draft,2024-10-26 20:23:46,700.0,1
3124,S03124,draft,2024-10-27 14:04:37,199000.0,7
3125,S03125,draft,2024-10-28 01:58:34,13000.0,1
3132,S03132,draft,2024-10-28 17:30:32,9500.0,1
3135,S03135,draft,2024-10-28 19:05:21,2700.0,1
3142,S03142,draft,2024-10-29 00:05:15,1000.0,1
3143,S03143,draft,2024-10-29 11:01:21,270000.0,1
3144,S03144,draft,2024-10-29 13:45:33,0.0,0
3145,S03145,draft,2024-10-29 13:46:10,73500.0,1
3147,S03147,draft,2024-10-29 15:17:57,0.0,0
3155,S03155,draft,2024-10-29 23:58:39,0.0,0
3156,S03156,draft,2024-10-30 03:20:07,22200.0,2
3158,S03158,draft,2024-10-30 19:48:32,19000.0,1
3165,S03165,draft,2024-10-31 12:32:38,40000.0,1
3177,S03177,draft,2024-11-01 03:29:59,0.0,0
3181,S03181,draft,2024-11-01 17:06:28,0.0,0
3184,S03184,draft,2024-11-01 17:15:16,11000.0,1
3189,S03189,draft,2024-11-02 06:21:01,14001.0,2
3190,S03190,draft,2024-11-02 21:30:30,37202.0,5
3192,S03192,draft,2024-11-03 04:20:12,4500.0,1
3193,S03193,draft,2024-11-03 22:01:55,5000.0,1
3194,S03194,draft,2024-11-03 22:47:33,5000.0,1
3196,S03196,draft,2024-11-04 15:27:16,28000.0,3
3197,S03197,draft,2024-11-04 15:49:23,25000.0,1
3203,S03203,draft,2024-11-04 17:20:06,2000.0,1
3208,S03208,draft,2024-11-04 18:56:31,12500.0,2
3212,S03212,draft,2024-11-05 01:07:32,10000.0,1
3216,S03216,draft,2024-11-05 02:48:41,15000.0,1
3217,S03217,draft,2024-11-05 13:47:31,6000.0,1
3225,S03225,draft,2024-11-05 22:51:55,19000.0,3
3226,S03226,draft,2024-11-05 23:24:55,17000.0,2
3228,S03228,draft,2024-11-06 05:24:14,0.0,0
3230,S03230,draft,2024-11-06 13:05:14,5000.0,1
3232,S03232,draft,2024-11-06 16:21:01,3200.0,2
3239,S03239,draft,2024-11-07 14:51:39,131500.0,4
3243,S03243,draft,2024-11-07 23:24:41,29500.0,3
3244,S03244,draft,2024-11-08 04:01:12,250000.0,1
3249,S03249,draft,2024-11-08 15:40:47,3360.0,1
3256,S03256,draft,2024-11-09 03:37:12,4900.0,1
3257,S03257,draft,2024-11-09 05:38:28,22000.0,1
3258,S03258,draft,2024-11-09 06:26:49,21000.0,1
3259,S03259,draft,2024-11-09 13:29:36,9000.0,1
3260,S03260,draft,2024-11-09 22:02:23,260000.0,1
3261,S03261,draft,2024-11-09 22:04:21,260000.0,1
3264,S03264,draft,2024-11-11 14:24:44,9000.0,1
3267,S03267,draft,2024-11-11 20:58:17,72000.0,2
3268,S03268,draft,2024-11-12 08:02:14,7400.0,2
3269,S03269,draft,2024-11-12 08:26:58,65000.0,1
3272,S03272,draft,2024-11-13 04:18:18,260000.0,1
3273,S03273,draft,2024-11-13 04:31:33,11000.0,1
3276,S03276,draft,2024-11-13 16:40:59,0.0,0
3278,S03278,draft,2024-11-13 17:34:01,25500.0,1
3280,S03280,draft,2024-11-13 21:57:30,84000.0,3
3281,S03281,draft,2024-11-13 22:02:35,8000.0,1
3283,S03283,draft,2024-11-13 22:46:50,435000.0,1
3282,S03282,draft,2024-11-13 22:46:50,435000.0,1
3292,S03292,draft,2024-11-14 18:48:43,17900.0,2
3294,S03294,draft,2024-11-14 21:10:38,2700.0,1
3293,S03293,draft,2024-11-14 21:10:38,40200.0,3
3295,S03295,draft,2024-11-15 13:20:16,15000.0,1
3300,S03300,draft,2024-11-16 02:22:01,96800.0,9
3305,S03305,draft,2024-11-18 15:11:15,12750.0,2
3306,S03306,draft,2024-11-18 16:42:44,6000.0,1
3320,S03320,draft,2024-11-20 01:50:12,22400.0,4
3328,S03328,draft,2024-11-20 18:07:52,9000.0,1
3333,S03333,draft,2024-11-21 05:18:07,25000.0,2
3335,S03335,draft,2024-11-21 14:38:05,12000.0,1
3342,S03342,draft,2024-11-21 22:04:58,6400.0,2
3344,S03344,draft,2024-11-22 04:14:14,4650.0,2
3346,S03346,draft,2024-11-22 08:50:15,19000.0,1
3352,S03352,draft,2024-11-22 20:05:56,12800.0,1
3356,S03356,draft,2024-11-23 04:55:59,54190.0,7
3357,S03357,draft,2024-11-23 12:14:41,2500.0,1
3359,S03359,draft,2024-11-23 17:23:45,0.0,0
3362,S03362,draft,2024-11-24 07:25:22,47120.0,11
3363,S03363,draft,2024-11-24 22:20:52,23600.0,3
3364,S03364,draft,2024-11-25 00:19:05,4900.0,1
3365,S03365,draft,2024-11-25 01:36:17,545000.0,3
3369,S03369,draft,2024-11-25 16:57:42,0.0,0
3382,S03382,draft,2024-11-25 23:23:08,15600.0,1
3384,S03384,draft,2024-11-26 20:58:40,36880.0,3
3385,S03385,draft,2024-11-26 21:32:49,9500.0,1
3394,S03394,draft,2024-11-27 17:45:36,7500.0,1
3398,S03398,draft,2024-11-27 19:03:12,32000.0,1
3400,S03400,draft,2024-11-28 00:15:21,7800.0,1
3401,S03401,draft,2024-11-28 02:08:08,0.0,0
3405,S03405,draft,2024-11-28 16:05:48,2000.0,1
3406,S03406,draft,2024-11-28 23:04:20,29000.0,2
3407,S03407,draft,2024-11-29 02:37:11,0.0,0
3417,S03417,draft,2024-11-29 22:44:32,70000.0,8
3418,S03418,draft,2024-11-29 23:47:55,13900.0,2
3423,S03423,draft,2024-11-30 21:42:57,25000.0,2
3425,S03425,draft,2024-12-02 00:45:22,3500.0,1
3426,S03426,draft,2024-12-02 05:24:20,0.0,0
3432,S03432,draft,2024-12-02 18:20:01,48000.0,5
3436,S03436,draft,2024-12-02 20:28:00,6000.0,1
3437,S03437,draft,2024-12-02 21:51:41,14000.0,1
3438,S03438,draft,2024-12-03 01:08:18,16000.0,1
3440,S03440,draft,2024-12-03 15:30:28,106500.0,10
3441,S03441,draft,2024-12-03 17:50:32,7500.0,1
3442,S03442,draft,2024-12-03 19:01:57,5200.0,1
3443,S03443,draft,2024-12-03 19:20:22,106500.0,6
3447,S03447,draft,2024-12-04 05:01:38,19200.0,1
3448,S03448,draft,2024-12-04 07:22:43,0.0,0
3449,S03449,draft,2024-12-04 07:24:55,131500.0,3
3461,S03461,draft,2024-12-04 23:37:03,19200.0,1
3465,S03465,draft,2024-12-05 20:08:10,46750.0,3
3468,S03468,draft,2024-12-06 00:02:50,5000.0,1
3469,S03469,draft,2024-12-06 00:43:09,36000.0,3
3482,S03482,draft,2024-12-06 23:44:39,12800.0,2
3483,S03483,draft,2024-12-07 02:14:43,8900.0,1
3487,S03487,draft,2024-12-07 16:39:14,25500.0,1
3488,S03488,draft,2024-12-07 19:55:49,14700.0,2
3491,S03491,draft,2024-12-08 16:15:37,22000.0,1
3498,S03498,draft,2024-12-09 04:27:59,6000.0,1
3499,S03499,draft,2024-12-09 04:40:43,114000.0,8
3512,S03512,draft,2024-12-10 00:52:31,39000.0,2
3513,S03513,draft,2024-12-10 01:12:45,13000.0,1
3527,S03527,draft,2024-12-11 19:56:30,4800.0,1
3535,S03535,draft,2024-12-12 19:47:26,3500.0,1
3536,S03536,draft,2024-12-12 23:42:32,107900.0,16
3539,S03539,draft,2024-12-13 05:49:29,0.0,0
3543,S03543,draft,2024-12-13 15:00:56,8900.0,1
3548,S03548,draft,2024-12-14 12:44:52,7600.0,1
3555,S03555,draft,2024-12-15 16:15:30,9500.0,1
3562,S03562,draft,2024-12-16 18:09:28,34000.0,1
3565,S03565,draft,2024-12-16 22:11:14,3000.0,1
3566,S03566,draft,2024-12-16 22:38:00,1500.0,1
3568,S03568,draft,2024-12-17 06:43:08,25000.0,1
3569,S03569,draft,2024-12-17 13:09:44,2500.0,1
3576,S03576,draft,2024-12-17 21:16:11,52060.0,5
3581,S03581,draft,2024-12-18 11:29:41,5400.0,1
3583,S03583,draft,2024-12-18 14:58:14,2700.0,1
3582,S03582,draft,2024-12-18 14:58:14,2700.0,1
3585,S03585,draft,2024-12-18 15:46:44,5000.0,1
3584,S03584,draft,2024-12-18 15:46:44,5000.0,1
3588,S03588,draft,2024-12-18 22:46:27,2000.0,1
3590,S03590,draft,2024-12-19 03:57:18,9900.0,1
3594,S03594,draft,2024-12-19 16:04:49,27500.0,2
3599,S03599,draft,2024-12-21 02:28:06,6000.0,1
3600,S03600,draft,2024-12-21 02:34:10,6000.0,1
3601,S03601,draft,2024-12-21 17:10:29,2500.0,1
3603,S03603,draft,2024-12-23 00:37:34,39000.0,1
3604,S03604,draft,2024-12-23 04:26:57,9500.0,1
3606,S03606,draft,2024-12-23 13:15:38,3000.0,1
3610,S03610,draft,2024-12-24 04:37:14,51000.0,4
3611,S03611,draft,2024-12-25 04:54:02,13000.0,1
3612,S03612,draft,2024-12-25 07:27:38,0.0,0
3613,S03613,draft,2024-12-25 16:55:14,10500.0,2
3614,S03614,draft,2024-12-26 02:39:12,12000.0,1
3616,S03616,draft,2024-12-26 04:29:37,6000.0,1
3617,S03617,draft,2024-12-26 05:28:00,14400.0,2
3618,S03618,draft,2024-12-26 16:08:36,21000.0,1
3620,S03620,draft,2024-12-26 23:59:56,17000.0,1
3621,S03621,draft,2024-12-27 03:55:05,22800.0,7
3626,S03626,draft,2024-12-28 01:51:22,25200.0,6
3627,S03627,draft,2024-12-28 04:48:11,9500.0,1
3631,S03631,draft,2024-12-30 15:37:20,28000.0,1
3635,S03635,draft,2024-12-31 13:41:18,4000.0,1
